id,status,current_worker
1,Complete,test
2,Complete,test
3,Complete,test
4,Complete,test
5,Complete,test
6,Complete,samsung-m11
7,Complete,the-server
8,Complete,the-server
9,Complete,samsung-m11
10,Complete,the-server
11,Complete,the-server
12,Complete,the-server
13,Complete,samsung-m11
14,Complete,the-server
15,Complete,samsung-m11
16,Complete,the-server
17,Complete,samsung-m11
18,Complete,the-server
19,Complete,samsung-m11
20,Complete,the-server
21,Complete,samsung-m11
22,Complete,the-server
23,Complete,samsung-m11
24,Complete,the-server
25,Complete,samsung-m11
26,Complete,the-server
27,Complete,samsung-m11
28,Complete,the-server
29,Complete,samsung-m11
30,Complete,the-server
31,Complete,samsung-m11
32,Complete,the-server
33,Complete,samsung-m11
34,Complete,the-server
35,Complete,the-server
36,Complete,the-server
37,Complete,samsung-m11
38,Complete,the-server
39,Complete,samsung-m11
40,Complete,the-server
41,Complete,samsung-m11
42,Complete,the-server
43,Complete,samsung-m11
44,Complete,samsung-m11
45,Complete,the-server
46,Complete,samsung-m11
47,Complete,the-server
48,Complete,the-server
49,Complete,samsung-m11
50,Complete,samsung-m11
51,Complete,samsung-m11
52,Complete,samsung-m11
53,Complete,samsung-m11
54,Complete,samsung-m11
55,Complete,samsung-m11
56,Complete,the-server
57,Complete,samsung-m11
58,Complete,the-server
59,Complete,samsung-m11
60,Complete,the-server
61,Complete,samsung-m11
62,Complete,the-server
63,Complete,the-server
64,Complete,samsung-m11
65,Complete,the-server
66,Complete,samsung-m11
67,Complete,the-server
68,Complete,samsung-m11
69,Complete,the-server
70,Complete,the-server
71,Complete,the-server
72,Complete,samsung-m11
73,Complete,samsung-m11
74,Complete,the-server
75,Complete,samsung-m11
76,Complete,the-server
77,Complete,the-server
78,Complete,samsung-m11
79,Complete,the-server
80,Complete,samsung-m11
81,Complete,the-server
82,Complete,the-server
83,Complete,samsung-m11
84,Complete,the-server
85,Complete,samsung-m11
86,Complete,the-server
87,Complete,samsung-m11
88,Complete,samsung-m11
89,Complete,the-server
90,Complete,samsung-m11
91,Complete,the-server
92,Complete,samsung-m11
93,Complete,the-server
94,Complete,samsung-m11
95,Complete,the-server
96,Complete,samsung-m11
97,Complete,samsung-m11
98,Complete,the-server
99,Complete,samsung-m11
100,Complete,the-server
101,Complete,samsung-m11
102,Complete,the-server
103,Complete,samsung-m11
104,Complete,the-server
105,Complete,samsung-m11
106,Complete,the-server
107,Complete,samsung-m11
108,Complete,the-server
109,Complete,samsung-m11
110,Complete,samsung-m11
111,Complete,the-server
112,Complete,samsung-m11
113,Complete,the-server
114,Complete,the-server
115,Complete,the-server
116,Complete,samsung-m11
117,Complete,the-server
118,Complete,the-server
119,Complete,samsung-m11
120,Complete,the-server
121,Complete,samsung-m11
122,Complete,the-server
123,Complete,samsung-m11
124,Complete,the-server
125,Complete,samsung-m11
126,Complete,the-server
127,Complete,samsung-m11
128,Complete,the-server
129,Complete,samsung-m11
130,Complete,samsung-m11
131,Complete,the-server
132,Complete,samsung-m11
133,Complete,the-server
134,Complete,samsung-m11
135,Complete,the-server
136,Complete,samsung-m11
137,Complete,the-server
138,Complete,samsung-m11
139,Complete,the-server
140,Complete,samsung-m11
141,Complete,the-server
142,Complete,samsung-m11
143,Complete,the-server
144,Complete,samsung-m11
145,Complete,the-server
146,Complete,samsung-m11
147,Complete,the-server
148,Complete,the-server
149,Complete,samsung-m11
150,Complete,the-server
151,Complete,samsung-m11
152,Complete,the-server
153,Complete,samsung-m11
154,Complete,the-server
155,Complete,samsung-m11
156,Complete,the-server
157,Complete,samsung-m11
158,Complete,the-server
159,Complete,samsung-m11
160,Complete,the-server
161,Complete,samsung-m11
162,Complete,the-server
163,Complete,samsung-m11
164,Complete,the-server
165,Complete,samsung-m11
166,Complete,the-server
167,Complete,samsung-m11
168,Complete,the-server
169,Complete,samsung-m11
170,Complete,the-server
171,Complete,samsung-m11
172,Complete,the-server
173,Complete,the-server
174,Complete,the-server
175,Complete,the-server
176,Complete,the-server
177,Complete,the-server
178,Complete,the-server
179,Complete,the-server
180,Complete,samsung-m11
181,Complete,the-server
182,Complete,the-server
183,Complete,the-server
184,Complete,the-server
185,Complete,the-server
186,Complete,the-server
187,Complete,the-server
188,Complete,the-server
189,Complete,the-server
190,Complete,the-server
191,Complete,the-server
192,Complete,the-server
